Имя;Пол
Абрам;М
Аваз;М
Аввакум;М
Август;М
Авдей;М
Авраам;М
Автандил;М
Агап;М
Агафон;М
Аггей;М
Адам;М
Адис;М
Адольф;М
Адриан;М
Азамат;М
Азарий;М
Азат;М
Айдар;М
Айнур;М
Айрат;М
Акакий;М
Аким;М
Алан;М
Александр;М
Алексей;М
Али;М
Алихан;М
Алмаз;М
Альберт;М
Альфред;М
Амадей;М
Амадеус;М
Амаяк;М
Амин;М
Амвросий;М
Анатолий;М
Анвар;М
Ангел;М
Андрей;М
Андрэ;М
Аникита;М
Антон;М
Ануфрий;М
Анфим;М
Аполлинарий;М
Арам;М
Аристарх;М
Аркадий;М
Арман;М
Армен;М
Арно;М
Арнольд;М
Арон;М
Арсен;М
Арсений;М
Арслан;М
Артем;М
Артемий;М
Артур;М
Архип;М
Аскольд;М
Афанасий;М
Ахмет;М
Ашот;М
Бахрам;М
Бежен;М
Бенедикт;М
Берек;М
Бернар;М
Богдан;М
Боголюб;М
Бонифаций;М
Бореслав;М
Борис;М
Борислав;М
Боян;М
Бронислав;М
Бруно;М
Булат;М
Вадим;М
Валентин;М
Валерий;М
Вальдемар;М
Вальтер;М
Вардан;М
Варлаам;М
Варфоломей;М
Василий;М
Ватслав;М
Велизар;М
Велор;М
Венедикт;М
Вениамин;М
Викентий;М
Виктор;М
Вилен;М
Вилли;М
Вильгельм;М
Виссарион;М
Виталий;М
Витаутас;М
Витольд;М
Владимир;М
Владислав;М
Владлен;М
Влас;М
Володар;М
Всеволод;М
Вячеслав;М
Гавриил;М
Галактион;М
Гамлет;М
Гарри;М
Гаяс;М
Гевор;М
Геворг;М
Геннадий;М
Генри;М
Генрих;М
Георгий;М
Геральд;М
Герасим;М
Герман;М
Глеб;М
Гоар;М
Гордей;М
Гордон;М
Горислав;М
Градимир;М
Григорий;М
Гурий;М
Густав;М
Давид;М
Давлат;М
Дамир;М
Даниил;М
Данислав;М
Даньяр;М
Демид;М
Демьян;М
Денис;М
Джамал;М
Джеймс;М
Джереми;М
Джозеф;М
Джордан;М
Джорж;М
Дик;М
Динар;М
Динасий;М
Дмитрий;М
Добрыня;М
Дональд;М
Донат;М
Донатос;М
Дорофей;М
Евгений;М
Евграф;М
Евдоким;М
Евсей;М
Евстафий;М
Егор;М
Елизар;М
Елисей;М
Емельян;М
Еремей;М
Ермолай;М
Ерофей;М
Ефим;М
Ефрем;М
Жан;М
Ждан;М
Жерар;М
Закир;М
Замир;М
Заур;М
Захар;М
Зенон;М
Зигмунд;М
Зиновий;М
Зураб;М
Ибрагим;М
Иван;М
Игнат;М
Игнатий;М
Игорь;М
Иероним;М
Измаил;М
Израиль;М
Илиан;М
Илларион;М
Ильхам;М
Ильшат;М
Илья;М
Ильяс;М
Инокентий;М
Иоанн;М
Иоаким;М
Ион;М
Иосиф;М
Ипполит;М
Ираклий;М
Иса;М
Исаак;М
Исидор;М
Искандер;М
Ислам;М
Исмаил;М
Казбек;М
Казимир;М
Камиль;М
Карен;М
Карим;М
Карл;М
Ким;М
Кир;М
Кирилл;М
Клавдий;М
Клаус;М
Клим;М
Климент;М
Клод;М
Кондрат;М
Константин;М
Корней;М
Корнилий;М
Кузьма;М
Лавр;М
Лаврентий;М
Лазарь;М
Лев;М
Леван;М
Левон;М
Ленар;М
Леон;М
Леонард;М
Леонид;М
Леонтий;М
Леопольд;М
Лука;М
Лукьян;М
Любим;М
Любомир;М
Людвиг;М
Люсьен;М
Люций;М
Мавлюда;М
Мадлен;М
Май;М
Майкл;М
Макар;М
Макарий;М
Максим;М
Максимильян;М
Максуд;М
Мансур;М
Мануил;М
Мар;М
Марат;М
Мариан;М
Марк;М
Марсель;М
Мартин;М
Матвей;М
Махмуд;М
Мераб;М
Мефодий;М
Мечеслав;М
Микула;М
Милан;М
Мирон;М
Мирослав;М
Митрофан;М
Михаил;М
Мишлов;М
Модест;М
Моисей;М
Мстислав;М
Мурат;М
Муслим;М
Мухаммед;М
Назар;М
Назарий;М
Наиль;М
Натан;М
Наум;М
Нестор;М
Никанор;М
Никита;М
Никифор;М
Никодим;М
Никола;М
Николай;М
Никон;М
Нильс;М
Нисон;М
Нифонт;М
Норманн;М
Овидий;М
Олан;М
Олег;М
Олесь;М
Онисим;М
Орест;М
Орландо;М
Осип;М
Оскар;М
Остап;М
Павел;М
Панкрат;М
Парамон;М
Петр;М
Платон;М
Порфирий;М
Потап;М
Прокофий;М
Прохор;М
Равиль;М
Радий;М
Радик;М
Радомир;М
Радослав;М
Разиль;М
Райан;М
Раймонд;М
Раис;М
Рамазан;М
Рамиз;М
Рамиль;М
Рамон;М
Ранель;М
Расим;М
Расул;М
Ратибор;М
Ратмир;М
Рафаил;М
Рафаэль;М
Рафик;М
Рашид;М
Рем;М
Ринат;М
Рифат;М
Рихард;М
Ричард;М
Роберт;М
Родион;М
Ролан;М
Роман;М
Ростислав;М
Рубен;М
Рудольф;М
Руслан;М
Рустам;М
Руфин;М
Рушан;М
Рэй;М
Сабир;М
Савва;М
Савелий;М
Самвел;М
Самсон;М
Самуил;М
Святослав;М
Севастьян;М
Северин;М
Семен;М
Серафим;М
Сергей;М
Сидор;М
Сократ;М
Соломон;М
Спартак;М
Стакрат;М
Станислав;М
Степан;М
Стефан;М
Стивен;М
Стоян;М
Султан;М
Тагир;М
Таис;М
Тайлер;М
Талик;М
Тамаз;М
Тамерлан;М
Тарас;М
Тельман;М
Теодор;М
Терентий;М
Тибор;М
Тиграм;М
Тигран;М
Тигрий;М
Тимофей;М
Тимур;М
Тит;М
Тихон;М
Томас;М
Трифон;М
Трофим;М
Ульманас;М
Умар;М
Устин;М
Фадей;М
Фазиль;М
Фанис;М
Фарид;М
Фархад;М
Федор;М
Федот;М
Феликс;М
Феодосий;М
Фердинанд;М
Фидель;М
Филимон;М
Филипп;М
Флорентий;М
Фома;М
Франц;М
Фред;М
Фридрих;М
Фуад;М
Хабиб;М
Хаким;М
Харитон;М
Христиан;М
Христос;М
Христофор;М
Цезарь;М
Чарльз;М
Чеслав;М
Чингиз;М
Шамиль;М
Шарль;М
Шерлок;М
Эдвард;М
Эдгар;М
Эдмунд;М
Эдуард;М
Эльдар;М
Эмиль;М
Эмин;М
Эммануил;М
Эраст;М
Эрик;М
Эрнест;М
Юлиан;М
Юлий;М
Юнус;М
Юрий;М
Юхим;М
Яков;М
Ян;М
Януарий;М
Ярослав;М
Ясон;М
Августа;Ж
Авдотья;Ж
Аврора;Ж
Агата;Ж
Агапия;Ж
Агафья;Ж
Аглая;Ж
Агнесса;Ж
Агния;Ж
Агриппина;Ж
Агунда;Ж
Ада;Ж
Аделина;Ж
Аделаида;Ж
Адель;Ж
Адиля;Ж
Адриана;Ж
Аза;Ж
Азалия;Ж
Азиза;Ж
Айгуль;Ж
Айлин;Ж
Айнагуль;Ж
Аида;Ж
Айжан;Ж
Аксинья;Ж
Акулина;Ж
Алана;Ж
Алевтина;Ж
Александра;Ж
Алена;Ж
Алико;Ж
Алина;Ж
Алиса;Ж
Алия;Ж
Алла;Ж
Алсу;Ж
Альба;Ж
Альберта;Ж
Альбина;Ж
Альвина;Ж
Альфия;Ж
Альфреда;Ж
Аля;Ж
Амаль;Ж
Амелия;Ж
Амина;Ж
Амира;Ж
Анаит;Ж
Анастасия;Ж
Ангелина;Ж
Анеля;Ж
Анжела;Ж
Анжелика;Ж
Анисья;Ж
Анита;Ж
Анна;Ж
Антонина;Ж
Анфиса;Ж
Аполлинария;Ж
Арабелла;Ж
Ариадна;Ж
Ариана;Ж
Арина;Ж
Архелия;Ж
Асель;Ж
Асия;Ж
Ассоль;Ж
Астра;Ж
Астрид;Ж
Ася;Ж
Аурелия;Ж
Афанасия;Ж
Аэлита;Ж
Беатриса;Ж
Белинда;Ж
Белла;Ж
Берта;Ж
Бирута;Ж
Богдана;Ж
Божена;Ж
Борислава;Ж
Бронислава;Ж
Валентина;Ж
Валерия;Ж
Ванда;Ж
Ванесса;Ж
Варвара;Ж
Василина;Ж
Василиса;Ж
Венера;Ж
Вера;Ж
Вероника;Ж
Веселина;Ж
Весна;Ж
Веста;Ж
Вета;Ж
Вида;Ж
Викторина;Ж
Виктория;Ж
Вилена;Ж
Вилора;Ж
Виолетта;Ж
Виргиния;Ж
Виринея;Ж
Вита;Ж
Виталина;Ж
Влада;Ж
Владислава;Ж
Владлена;Ж
Габриэлла;Ж
Галина;Ж
Галия;Ж
Гаянэ;Ж
Гелена;Ж
Гаянэ;Ж
Гелена;Ж
Гелла;Ж
Генриетта;Ж
Георгина;Ж
Гера;Ж
Гертруда;Ж
Глафира;Ж
Глория;Ж
Гортензия;Ж
Гражина;Ж
Грета;Ж
Гузель;Ж
Гулия;Ж
Гульмира;Ж
Гульназ;Ж
Гульнара;Ж
Гульшат;Ж
Дайна;Ж
Далия;Ж
Дамира;Ж
Дана;Ж
Даниэла;Ж
Данута;Ж
Дара;Ж
Дарина;Ж
Дарья;Ж
Даяна;Ж
Дебора;Ж
Джамиля;Ж
Джемма;Ж
Дженнифер;Ж
Джессика;Ж
Джулия;Ж
Джульетта;Ж
Диана;Ж
Дилара;Ж
Дильназ;Ж
Дильнара;Ж
Диля;Ж
Дина;Ж
Динара;Ж
Диодора;Ж
Дионисия;Ж
Долорес;Ж
Доля;Ж
Доминика;Ж
Дора;Ж
Ева;Ж
Евангелина;Ж
Евгения;Ж
Евдокия;Ж
Екатерина;Ж
Елена;Ж
Елизавета;Ж
Есения;Ж
Ефимия;Ж
Жанна;Ж
Жасмин;Ж
Жозефина;Ж
Забава;Ж
Заира;Ж
Замира;Ж
Зара;Ж
Зарема;Ж
Зарина;Ж
Захария;Ж
Земфира;Ж
Зинаида;Ж
Зита;Ж
Злата;Ж
Зоряна;Ж
Зоя;Ж
Зульфия;Ж
Зухра;Ж
Иванна;Ж
Иветта;Ж
Ивона;Ж
Ида;Ж
Изабелла;Ж
Изольда;Ж
Илария;Ж
Илиана;Ж
Илона;Ж
Инара;Ж
Инга;Ж
Ингеборга;Ж
Индира;Ж
Инесса;Ж
Инна;Ж
Иоанна;Ж
Иоланта;Ж
Ираида;Ж
Ирина;Ж
Ирма;Ж
Искра;Ж
Ия;Ж
Калерия;Ж
Камилла;Ж
Капитолина;Ж
Карима;Ж
Карина;Ж
Каролина;Ж
Катарина;Ж
Кира;Ж
Клавдия;Ж
Клара;Ж
Кларисса;Ж
Климентина;Ж
Констанция;Ж
Кора;Ж
Корнелия;Ж
Кристина;Ж
Ксения;Ж
Лада;Ж
Лайма;Ж
Лана;Ж
Лара;Ж
Лариса;Ж
Лаура;Ж
Лейла;Ж
Лейсан;Ж
Леокадия;Ж
Леонида;Ж
Лера;Ж
Леся;Ж
Лиана;Ж
Лидия;Ж
Лиза;Ж
Лика;Ж
Лилиана;Ж
Лилия;Ж
Лина;Ж
Линда;Ж
Лиора;Ж
Лира;Ж
Лия;Ж
Лола;Ж
Лолита;Ж
Лора;Ж
Луиза;Ж
Лукерья;Ж
Любовь;Ж
Людмила;Ж
Ляля;Ж
Люция;Ж
Магда;Ж
Магдалина;Ж
Мадина;Ж
Майя;Ж
Малика;Ж
Мальвина;Ж
Мара;Ж
Маргарита;Ж
Марианна;Ж
Марика;Ж
Марина;Ж
Мария;Ж
Марселина;Ж
Марта;Ж
Маруся;Ж
Марфа;Ж
Марьям;Ж
Матильда;Ж
Мелания;Ж
Мелисса;Ж
Мика;Ж
Мила;Ж
Милада;Ж
Милана;Ж
Милена;Ж
Милица;Ж
Милолика;Ж
Милослава;Ж
Мира;Ж
Мирослава;Ж
Мирра;Ж
Моника;Ж
Муза;Ж
Мэри;Ж
Надежда;Ж
Назира;Ж
Наиля;Ж
Наима;Ж
Нана;Ж
Наоми;Ж
Наталья;Ж
Нателла;Ж
Нелли;Ж
Неонила;Ж
Ника;Ж
Николь;Ж
Нина;Ж
Нинель;Ж
Нонна;Ж
Нора;Ж
Нурия;Ж
Одетта;Ж
Оксана;Ж
Октябрина;Ж
Олеся;Ж
Оливия;Ж
Ольга;Ж
Офелия;Ж
Павла;Ж
Павлина;Ж
Памела;Ж
Патриция;Ж
Пелагея;Ж
Перизат;Ж
Полина;Ж
Прасковья;Ж
Рада;Ж
Радмила;Ж
Раиса;Ж
Ревекка;Ж
Регина;Ж
Рема;Ж
Рената;Ж
Римма;Ж
Рина;Ж
Рита;Ж
Рогнеда;Ж
Роберта;Ж
Роза;Ж
Роксана;Ж
Ростислава;Ж
Рузалия;Ж
Рузанна;Ж
Рузиля;Ж
Румия;Ж
Русалина;Ж
Руслана;Ж
Руфина;Ж
Сабина;Ж
Сабрина;Ж
Сажида;Ж
Саида;Ж
Саломея;Ж
Самира;Ж
Сандра;Ж
Сания;Ж
Санта;Ж
Сара;Ж
Сати;Ж
Светлана;Ж
Святослава;Ж
Севара;Ж
Северина;Ж
Селена;Ж
Серафима;Ж
Сильва;Ж
Сима;Ж
Симона;Ж
Слава;Ж
Снежана;Ж
Соня;Ж
София;Ж
Станислава;Ж
Стелла;Ж
Стефания;Ж
Сусанна;Ж
Таира;Ж
Таисия;Ж
Тала;Ж
Тамара;Ж
Тамила;Ж
Тара;Ж
Татьяна;Ж
Тереза;Ж
Тина;Ж
Тора;Ж
Ульяна;Ж
Урсула;Ж
Устина;Ж
Устинья;Ж
Фаиза;Ж
Фаина;Ж
Фания;Ж
Фаня;Ж
Фарида;Ж
Фатима;Ж
Фая;Ж
Фекла;Ж
Фелиция;Ж
Феруза;Ж
Физура;Ж
Флора;Ж
Франсуаза;Ж
Фрида;Ж
Харита;Ж
Хилари;Ж
Хильда;Ж
Хлоя;Ж
Христина;Ж
Цветана;Ж
Челси;Ж
Чеслава;Ж
Чулпан;Ж
Шакира;Ж
Шарлотта;Ж
Шейла;Ж
Шелли;Ж
Шерил;Ж
Эвелина;Ж
Эвита;Ж
Эдда;Ж
Эдита;Ж
Элеонора;Ж
Элиана;Ж
Элиза;Ж
Элина;Ж
Элла;Ж
Эллада;Ж
Элоиза;Ж
Эльвина;Ж
Эльвира;Ж
Эльга;Ж
Эльза;Ж
Эльмира;Ж
Эльнара;Ж
Эля;Ж
Эмилия;Ж
Эмма;Ж
Эмили;Ж
Эрика;Ж
Эрнестина;Ж
Эсмеральда;Ж
Этель;Ж
Этери;Ж
Юзефа;Ж
Юлия;Ж
Юна;Ж
Юния;Ж
Юнона;Ж
Ядвига;Ж
Яна;Ж
Янина;Ж
Ярина;Ж
Ярослава;Ж
Ясмина;Ж
